INSERT INTO customers (full_name, email, phone, address, created_at) VALUES ('Joseph Erickson', 'smithcarlos@hotmail.com', '187.318.2931', 'Unit 1797 Box 4855, DPO AA 28152', TO_DATE('2024-09-30', 'YYYY-MM-DD'));
INSERT INTO customers (full_name, email, phone, address, created_at) VALUES ('Patricia Smith', 'carrillosarah@hotmail.com', '001-997-043-058', 'Unit 0318 Box 6911, DPO AE 06811', TO_DATE('2023-10-24', 'YYYY-MM-DD'));
INSERT INTO customers (full_name, email, phone, address, created_at) VALUES ('Laura Jones', 'cmartin@hotmail.com', '001-354-612-835', '369 John Isle Apt. 242, Williamsport, CT 26780', TO_DATE('2024-10-13', 'YYYY-MM-DD'));
INSERT INTO customers (full_name, email, phone, address, created_at) VALUES ('John Hammond', 'tcooper@pearson.com', '(254)766-0570x9', '6019 Suarez Knolls, Port Kelly, NJ 62798', TO_DATE('2023-12-05', 'YYYY-MM-DD'));
INSERT INTO customers (full_name, email, phone, address, created_at) VALUES ('Adam Johnson', 'bassjessica@gmail.com', '(948)613-6117', '552 Dwayne Rest Apt. 797, Willieville, NY 24367', TO_DATE('2025-01-07', 'YYYY-MM-DD'));
INSERT INTO customers (full_name, email, phone, address, created_at) VALUES ('Timothy White', 'ksoto@gordon.net', '325-278-1555', '268 Lopez Lane Apt. 001, East Christianside, MD 25103', TO_DATE('2023-07-30', 'YYYY-MM-DD'));
INSERT INTO customers (full_name, email, phone, address, created_at) VALUES ('Mrs. Diana Garner MD', 'annasims@harris-kline.com', '1330879475', '00731 Emily Plaza Apt. 435, Morrisshire, PA 17743', TO_DATE('2025-04-19', 'YYYY-MM-DD'));
INSERT INTO customers (full_name, email, phone, address, created_at) VALUES ('Michael Tran', 'rosalespeter@hotmail.com', '922-062-9374x25', '981 Johnson Plaza, Port Fredside, WI 04355', TO_DATE('2023-11-10', 'YYYY-MM-DD'));
INSERT INTO customers (full_name, email, phone, address, created_at) VALUES ('Lori Barnett', 'michelle15@yahoo.com', '(533)920-3584x6', '42456 Rodriguez Road Suite 870, Juanton, NC 12120', TO_DATE('2023-10-06', 'YYYY-MM-DD'));
INSERT INTO customers (full_name, email, phone, address, created_at) VALUES ('Marie Mclean', 'fcampbell@gmail.com', '977-111-0698x44', '1082 Jared Way, New Jenniferton, MT 55800', TO_DATE('2025-06-02', 'YYYY-MM-DD'));
INSERT INTO customers (full_name, email, phone, address, created_at) VALUES ('Jesus Gillespie', 'rwalters@wong.net', '4847756057', '294 Collins Trail Suite 355, New Samanthabury, KS 56546', TO_DATE('2025-04-29', 'YYYY-MM-DD'));
INSERT INTO customers (full_name, email, phone, address, created_at) VALUES ('James Santiago', 'kimberly27@gmail.com', '161-193-7050', '620 Erica Unions, Davidhaven, NV 80394', TO_DATE('2024-05-19', 'YYYY-MM-DD'));
INSERT INTO customers (full_name, email, phone, address, created_at) VALUES ('Dawn Jackson', 'tricia66@gmail.com', '+1-344-758-2196', '247 Russo Branch, Ericside, IN 06126', TO_DATE('2024-11-07', 'YYYY-MM-DD'));
INSERT INTO customers (full_name, email, phone, address, created_at) VALUES ('Lisa Bruce', 'omassey@turner.biz', '700-399-4151x95', '532 Riley Vista Suite 871, East Steven, OH 26952', TO_DATE('2024-11-19', 'YYYY-MM-DD'));
INSERT INTO customers (full_name, email, phone, address, created_at) VALUES ('Jonathan Walker', 'vbrown@patrick.com', '001-058-512-433', '904 Watts Plaza, North Diana, NM 17475', TO_DATE('2024-01-15', 'YYYY-MM-DD'));
INSERT INTO customers (full_name, email, phone, address, created_at) VALUES ('Randy Sellers', 'crawfordmatthew@gmail.com', '623.536.0319x40', 'USS Martinez, FPO AA 31756', TO_DATE('2024-01-06', 'YYYY-MM-DD'));
INSERT INTO customers (full_name, email, phone, address, created_at) VALUES ('Jane Morgan', 'kara54@gmail.com', '(342)347-2372x9', '9313 Stewart Fork, Lake Brandi, ID 48457', TO_DATE('2025-06-03', 'YYYY-MM-DD'));
INSERT INTO customers (full_name, email, phone, address, created_at) VALUES ('Clarence Chung', 'robertlarsen@gmail.com', '+1-338-220-6952', '5632 Hughes Meadow, New Sarah, KS 70786', TO_DATE('2025-07-09', 'YYYY-MM-DD'));
INSERT INTO customers (full_name, email, phone, address, created_at) VALUES ('Vanessa Hoover', 'ybryant@blackwell.net', '001-064-849-685', '139 Roy Islands Apt. 274, North Steven, NC 61018', TO_DATE('2025-05-15', 'YYYY-MM-DD'));
INSERT INTO customers (full_name, email, phone, address, created_at) VALUES ('Robin Thomas', 'uadams@gmail.com', '400-817-9818x00', '7867 Johnson Key, Port Richard, GA 99090', TO_DATE('2024-06-12', 'YYYY-MM-DD'));
INSERT INTO categories (category_name, description) VALUES ('Electronics', 'Electronic gadgets and accessories');
INSERT INTO categories (category_name, description) VALUES ('Clothing', 'Apparel and fashion items');
INSERT INTO categories (category_name, description) VALUES ('Books', 'Fiction, non-fiction, academic books');
INSERT INTO categories (category_name, description) VALUES ('Home & Kitchen', 'Household items and appliances');
INSERT INTO categories (category_name, description) VALUES ('Sports', 'Fitness and outdoor equipment');
INSERT INTO products (name, description, price, stock_quantity, category_id) VALUES ('Full Want', 'Event story whose.', 5843.65, 58, 1);
INSERT INTO products (name, description, price, stock_quantity, category_id) VALUES ('Sense Machine', 'I perhaps attention recently nearly work data particular.', 18334.85, 36, 1);
INSERT INTO products (name, description, price, stock_quantity, category_id) VALUES ('Enough Fish', 'Agent letter television.', 9390.32, 23, 1);
INSERT INTO products (name, description, price, stock_quantity, category_id) VALUES ('Type Them', 'Money somebody remain near.', 8087.26, 49, 2);
INSERT INTO products (name, description, price, stock_quantity, category_id) VALUES ('Discussion Result', 'Before admit strategy place mention.', 12958.44, 71, 1);
INSERT INTO products (name, description, price, stock_quantity, category_id) VALUES ('Your Thousand', 'Just at statement baby.', 7813.36, 63, 5);
INSERT INTO products (name, description, price, stock_quantity, category_id) VALUES ('Factor Hit', 'Rate way black scientist sure feel nothing.', 16158.24, 40, 5);
INSERT INTO products (name, description, price, stock_quantity, category_id) VALUES ('Cut Him', 'Participant job start grow plant choose rest.', 10849.15, 154, 4);
INSERT INTO products (name, description, price, stock_quantity, category_id) VALUES ('Your Benefit', 'Identify company foot democratic form real.', 14875.49, 15, 1);
INSERT INTO products (name, description, price, stock_quantity, category_id) VALUES ('Power Mean', 'Understand lead trouble prevent.', 13656.85, 89, 2);
INSERT INTO products (name, description, price, stock_quantity, category_id) VALUES ('Off Not', 'Instead reduce would statement strong compare.', 2139.92, 150, 5);
INSERT INTO products (name, description, price, stock_quantity, category_id) VALUES ('New Discussion', 'Blood cost impact.', 8805.19, 153, 3);
INSERT INTO products (name, description, price, stock_quantity, category_id) VALUES ('Contain Amount', 'Record available impact according school town.', 12295.54, 158, 3);
INSERT INTO products (name, description, price, stock_quantity, category_id) VALUES ('East Design', 'Evidence only forget increase.', 7072.91, 115, 5);
INSERT INTO products (name, description, price, stock_quantity, category_id) VALUES ('Pretty Pressure', 'Writer board rise take.', 8439.08, 28, 4);
INSERT INTO products (name, description, price, stock_quantity, category_id) VALUES ('Wife Radio', 'Hard difference security local ground later true.', 16739.5, 80, 5);
INSERT INTO products (name, description, price, stock_quantity, category_id) VALUES ('Our While', 'Quality blue behind financial.', 9718.91, 139, 5);
INSERT INTO products (name, description, price, stock_quantity, category_id) VALUES ('Special Himself', 'Fight crime hour current.', 15759.24, 163, 2);
INSERT INTO products (name, description, price, stock_quantity, category_id) VALUES ('Follow Help', 'Movie pull chair budget buy.', 10291.52, 114, 2);
INSERT INTO products (name, description, price, stock_quantity, category_id) VALUES ('Third Thousand', 'Eye anything news interview.', 14599.53, 83, 5);
INSERT INTO products (name, description, price, stock_quantity, category_id) VALUES ('Bad Operation', 'First total resource eat.', 3879.68, 33, 3);
INSERT INTO products (name, description, price, stock_quantity, category_id) VALUES ('Very Spend', 'Half back give become explain former station.', 17568.07, 184, 5);
INSERT INTO products (name, description, price, stock_quantity, category_id) VALUES ('Ground Every', 'Party all party price later onto city lawyer.', 16322.26, 72, 5);
INSERT INTO products (name, description, price, stock_quantity, category_id) VALUES ('Focus Describe', 'Door line couple teacher onto let do.', 5730.0, 68, 3);
INSERT INTO products (name, description, price, stock_quantity, category_id) VALUES ('Statement Finally', 'Have Republican morning bed.', 19801.23, 150, 4);
INSERT INTO products (name, description, price, stock_quantity, category_id) VALUES ('Wait Affect', 'Speak soldier address your politics.', 18672.79, 95, 5);
INSERT INTO products (name, description, price, stock_quantity, category_id) VALUES ('Church Me', 'Instead doctor adult catch player expert bed.', 10991.24, 180, 5);
INSERT INTO products (name, description, price, stock_quantity, category_id) VALUES ('Memory Around', 'Act different production sometimes.', 1197.65, 76, 4);
INSERT INTO products (name, description, price, stock_quantity, category_id) VALUES ('State Spend', 'We property current allow author clearly season.', 2972.99, 84, 3);
INSERT INTO products (name, description, price, stock_quantity, category_id) VALUES ('Certainly Above', 'Power second like different wind toward.', 16730.3, 147, 5);
INSERT INTO orders (customer_id, order_date, order_status, total_amount) VALUES (1, TO_DATE('2025-02-13', 'YYYY-MM-DD'), 'Cancelled', 11321.05);
INSERT INTO orders (customer_id, order_date, order_status, total_amount) VALUES (1, TO_DATE('2025-02-12', 'YYYY-MM-DD'), 'Delivered', 2377.33);
INSERT INTO orders (customer_id, order_date, order_status, total_amount) VALUES (1, TO_DATE('2024-09-27', 'YYYY-MM-DD'), 'Placed', 23831.44);
INSERT INTO orders (customer_id, order_date, order_status, total_amount) VALUES (2, TO_DATE('2024-10-17', 'YYYY-MM-DD'), 'Delivered', 16108.37);
INSERT INTO orders (customer_id, order_date, order_status, total_amount) VALUES (2, TO_DATE('2025-04-20', 'YYYY-MM-DD'), 'Shipped', 5942.3);
INSERT INTO orders (customer_id, order_date, order_status, total_amount) VALUES (3, TO_DATE('2025-05-09', 'YYYY-MM-DD'), 'Placed', 14790.62);
INSERT INTO orders (customer_id, order_date, order_status, total_amount) VALUES (4, TO_DATE('2025-01-29', 'YYYY-MM-DD'), 'Shipped', 4685.29);
INSERT INTO orders (customer_id, order_date, order_status, total_amount) VALUES (5, TO_DATE('2024-08-19', 'YYYY-MM-DD'), 'Cancelled', 2270.66);
INSERT INTO orders (customer_id, order_date, order_status, total_amount) VALUES (6, TO_DATE('2025-01-13', 'YYYY-MM-DD'), 'Placed', 9004.5);
INSERT INTO orders (customer_id, order_date, order_status, total_amount) VALUES (6, TO_DATE('2025-06-10', 'YYYY-MM-DD'), 'Shipped', 10733.99);
INSERT INTO orders (customer_id, order_date, order_status, total_amount) VALUES (6, TO_DATE('2025-05-21', 'YYYY-MM-DD'), 'Placed', 2458.43);
INSERT INTO orders (customer_id, order_date, order_status, total_amount) VALUES (7, TO_DATE('2024-10-27', 'YYYY-MM-DD'), 'Placed', 22951.53);
INSERT INTO orders (customer_id, order_date, order_status, total_amount) VALUES (7, TO_DATE('2025-06-29', 'YYYY-MM-DD'), 'Cancelled', 3317.06);
INSERT INTO orders (customer_id, order_date, order_status, total_amount) VALUES (8, TO_DATE('2024-07-22', 'YYYY-MM-DD'), 'Placed', 17390.62);
INSERT INTO orders (customer_id, order_date, order_status, total_amount) VALUES (8, TO_DATE('2024-11-18', 'YYYY-MM-DD'), 'Shipped', 15428.55);
INSERT INTO orders (customer_id, order_date, order_status, total_amount) VALUES (9, TO_DATE('2025-03-07', 'YYYY-MM-DD'), 'Cancelled', 15295.41);
INSERT INTO orders (customer_id, order_date, order_status, total_amount) VALUES (9, TO_DATE('2025-03-22', 'YYYY-MM-DD'), 'Cancelled', 18571.0);
INSERT INTO orders (customer_id, order_date, order_status, total_amount) VALUES (9, TO_DATE('2024-08-26', 'YYYY-MM-DD'), 'Cancelled', 13000.34);
INSERT INTO orders (customer_id, order_date, order_status, total_amount) VALUES (10, TO_DATE('2025-07-08', 'YYYY-MM-DD'), 'Shipped', 17569.84);
INSERT INTO orders (customer_id, order_date, order_status, total_amount) VALUES (10, TO_DATE('2024-12-14', 'YYYY-MM-DD'), 'Placed', 8165.53);
INSERT INTO orders (customer_id, order_date, order_status, total_amount) VALUES (11, TO_DATE('2024-11-12', 'YYYY-MM-DD'), 'Delivered', 13585.66);
INSERT INTO orders (customer_id, order_date, order_status, total_amount) VALUES (12, TO_DATE('2025-06-23', 'YYYY-MM-DD'), 'Delivered', 2933.53);
INSERT INTO orders (customer_id, order_date, order_status, total_amount) VALUES (12, TO_DATE('2025-03-23', 'YYYY-MM-DD'), 'Placed', 18329.76);
INSERT INTO orders (customer_id, order_date, order_status, total_amount) VALUES (13, TO_DATE('2024-09-03', 'YYYY-MM-DD'), 'Placed', 2828.77);
INSERT INTO orders (customer_id, order_date, order_status, total_amount) VALUES (14, TO_DATE('2025-04-29', 'YYYY-MM-DD'), 'Placed', 13545.0);
INSERT INTO orders (customer_id, order_date, order_status, total_amount) VALUES (15, TO_DATE('2025-03-25', 'YYYY-MM-DD'), 'Shipped', 3387.12);
INSERT INTO orders (customer_id, order_date, order_status, total_amount) VALUES (15, TO_DATE('2025-04-08', 'YYYY-MM-DD'), 'Delivered', 1501.46);
INSERT INTO orders (customer_id, order_date, order_status, total_amount) VALUES (16, TO_DATE('2025-03-31', 'YYYY-MM-DD'), 'Delivered', 12939.22);
INSERT INTO orders (customer_id, order_date, order_status, total_amount) VALUES (16, TO_DATE('2024-08-07', 'YYYY-MM-DD'), 'Delivered', 24155.63);
INSERT INTO orders (customer_id, order_date, order_status, total_amount) VALUES (17, TO_DATE('2025-07-04', 'YYYY-MM-DD'), 'Shipped', 3551.06);
INSERT INTO orders (customer_id, order_date, order_status, total_amount) VALUES (17, TO_DATE('2025-06-27', 'YYYY-MM-DD'), 'Placed', 1709.19);
INSERT INTO orders (customer_id, order_date, order_status, total_amount) VALUES (18, TO_DATE('2024-08-21', 'YYYY-MM-DD'), 'Shipped', 23211.79);
INSERT INTO orders (customer_id, order_date, order_status, total_amount) VALUES (18, TO_DATE('2024-08-20', 'YYYY-MM-DD'), 'Cancelled', 16049.78);
INSERT INTO orders (customer_id, order_date, order_status, total_amount) VALUES (19, TO_DATE('2025-04-18', 'YYYY-MM-DD'), 'Delivered', 19088.91);
INSERT INTO orders (customer_id, order_date, order_status, total_amount) VALUES (20, TO_DATE('2024-08-26', 'YYYY-MM-DD'), 'Shipped', 23516.72);
INSERT INTO orders (customer_id, order_date, order_status, total_amount) VALUES (20, TO_DATE('2024-09-19', 'YYYY-MM-DD'), 'Delivered', 10732.62);
INSERT INTO order_items (order_id, product_id, quantity, unit_price) VALUES (1, 20, 4, 6899.11);
INSERT INTO order_items (order_id, product_id, quantity, unit_price) VALUES (1, 14, 2, 10442.15);
INSERT INTO order_items (order_id, product_id, quantity, unit_price) VALUES (1, 28, 4, 1398.03);
INSERT INTO order_items (order_id, product_id, quantity, unit_price) VALUES (2, 17, 3, 19545.08);
INSERT INTO order_items (order_id, product_id, quantity, unit_price) VALUES (3, 21, 5, 18237.08);
INSERT INTO order_items (order_id, product_id, quantity, unit_price) VALUES (3, 28, 2, 19311.94);
INSERT INTO order_items (order_id, product_id, quantity, unit_price) VALUES (3, 12, 1, 8475.01);
INSERT INTO order_items (order_id, product_id, quantity, unit_price) VALUES (4, 23, 1, 1174.62);
INSERT INTO order_items (order_id, product_id, quantity, unit_price) VALUES (4, 29, 2, 6489.43);
INSERT INTO order_items (order_id, product_id, quantity, unit_price) VALUES (5, 1, 4, 1599.37);
INSERT INTO order_items (order_id, product_id, quantity, unit_price) VALUES (6, 1, 4, 17823.33);
INSERT INTO order_items (order_id, product_id, quantity, unit_price) VALUES (6, 23, 4, 6245.14);
INSERT INTO order_items (order_id, product_id, quantity, unit_price) VALUES (6, 30, 1, 14347.5);
INSERT INTO order_items (order_id, product_id, quantity, unit_price) VALUES (7, 23, 3, 172.72);
INSERT INTO order_items (order_id, product_id, quantity, unit_price) VALUES (8, 18, 5, 3282.0);
INSERT INTO order_items (order_id, product_id, quantity, unit_price) VALUES (9, 16, 4, 9254.7);
INSERT INTO order_items (order_id, product_id, quantity, unit_price) VALUES (9, 17, 2, 16534.93);
INSERT INTO order_items (order_id, product_id, quantity, unit_price) VALUES (9, 16, 2, 1939.52);
INSERT INTO order_items (order_id, product_id, quantity, unit_price) VALUES (10, 27, 1, 18037.9);
INSERT INTO order_items (order_id, product_id, quantity, unit_price) VALUES (10, 2, 4, 2455.29);
INSERT INTO order_items (order_id, product_id, quantity, unit_price) VALUES (11, 1, 2, 4772.73);
INSERT INTO order_items (order_id, product_id, quantity, unit_price) VALUES (11, 4, 2, 3476.97);
INSERT INTO order_items (order_id, product_id, quantity, unit_price) VALUES (11, 5, 3, 6156.32);
INSERT INTO order_items (order_id, product_id, quantity, unit_price) VALUES (12, 25, 1, 18326.34);
INSERT INTO order_items (order_id, product_id, quantity, unit_price) VALUES (12, 28, 1, 449.18);
INSERT INTO order_items (order_id, product_id, quantity, unit_price) VALUES (12, 19, 4, 3463.19);
INSERT INTO order_items (order_id, product_id, quantity, unit_price) VALUES (12, 14, 2, 3356.58);
INSERT INTO order_items (order_id, product_id, quantity, unit_price) VALUES (13, 7, 4, 19292.73);
INSERT INTO order_items (order_id, product_id, quantity, unit_price) VALUES (14, 11, 2, 17823.56);
INSERT INTO order_items (order_id, product_id, quantity, unit_price) VALUES (14, 2, 1, 7947.74);
INSERT INTO order_items (order_id, product_id, quantity, unit_price) VALUES (15, 26, 3, 15280.54);
INSERT INTO order_items (order_id, product_id, quantity, unit_price) VALUES (16, 22, 1, 11623.17);
INSERT INTO order_items (order_id, product_id, quantity, unit_price) VALUES (16, 6, 4, 14620.57);
INSERT INTO order_items (order_id, product_id, quantity, unit_price) VALUES (17, 30, 3, 10586.11);
INSERT INTO order_items (order_id, product_id, quantity, unit_price) VALUES (17, 9, 4, 17295.49);
INSERT INTO order_items (order_id, product_id, quantity, unit_price) VALUES (18, 28, 5, 18146.18);
INSERT INTO order_items (order_id, product_id, quantity, unit_price) VALUES (18, 22, 2, 15724.1);
INSERT INTO order_items (order_id, product_id, quantity, unit_price) VALUES (18, 23, 1, 15822.12);
INSERT INTO order_items (order_id, product_id, quantity, unit_price) VALUES (19, 5, 4, 8018.95);
INSERT INTO order_items (order_id, product_id, quantity, unit_price) VALUES (19, 20, 3, 19319.52);
INSERT INTO order_items (order_id, product_id, quantity, unit_price) VALUES (20, 29, 3, 10032.47);
INSERT INTO order_items (order_id, product_id, quantity, unit_price) VALUES (20, 23, 2, 2777.65);
INSERT INTO order_items (order_id, product_id, quantity, unit_price) VALUES (21, 6, 2, 3825.73);
INSERT INTO order_items (order_id, product_id, quantity, unit_price) VALUES (21, 9, 3, 8254.16);
INSERT INTO order_items (order_id, product_id, quantity, unit_price) VALUES (22, 10, 3, 2193.54);
INSERT INTO order_items (order_id, product_id, quantity, unit_price) VALUES (22, 23, 5, 4259.94);
INSERT INTO order_items (order_id, product_id, quantity, unit_price) VALUES (23, 1, 1, 3170.86);
INSERT INTO order_items (order_id, product_id, quantity, unit_price) VALUES (23, 21, 5, 11854.59);
INSERT INTO order_items (order_id, product_id, quantity, unit_price) VALUES (23, 26, 3, 815.57);
INSERT INTO order_items (order_id, product_id, quantity, unit_price) VALUES (23, 14, 1, 9119.43);
INSERT INTO order_items (order_id, product_id, quantity, unit_price) VALUES (24, 27, 4, 10211.57);
INSERT INTO order_items (order_id, product_id, quantity, unit_price) VALUES (24, 14, 5, 19065.15);
INSERT INTO order_items (order_id, product_id, quantity, unit_price) VALUES (24, 11, 5, 12697.6);
INSERT INTO order_items (order_id, product_id, quantity, unit_price) VALUES (25, 18, 5, 3665.48);
INSERT INTO order_items (order_id, product_id, quantity, unit_price) VALUES (25, 28, 2, 12325.82);
INSERT INTO order_items (order_id, product_id, quantity, unit_price) VALUES (25, 28, 2, 15544.5);
INSERT INTO order_items (order_id, product_id, quantity, unit_price) VALUES (26, 26, 1, 3620.91);
INSERT INTO order_items (order_id, product_id, quantity, unit_price) VALUES (26, 29, 1, 17761.61);
INSERT INTO order_items (order_id, product_id, quantity, unit_price) VALUES (27, 11, 4, 11518.49);
INSERT INTO order_items (order_id, product_id, quantity, unit_price) VALUES (27, 19, 3, 13419.52);
INSERT INTO order_items (order_id, product_id, quantity, unit_price) VALUES (27, 9, 5, 15646.28);
INSERT INTO order_items (order_id, product_id, quantity, unit_price) VALUES (27, 9, 1, 19927.36);
INSERT INTO order_items (order_id, product_id, quantity, unit_price) VALUES (28, 11, 4, 15403.68);
INSERT INTO order_items (order_id, product_id, quantity, unit_price) VALUES (28, 28, 2, 13770.25);
INSERT INTO order_items (order_id, product_id, quantity, unit_price) VALUES (28, 11, 1, 12290.44);
INSERT INTO order_items (order_id, product_id, quantity, unit_price) VALUES (28, 29, 4, 11445.68);
INSERT INTO order_items (order_id, product_id, quantity, unit_price) VALUES (29, 27, 3, 14789.07);
INSERT INTO order_items (order_id, product_id, quantity, unit_price) VALUES (29, 5, 5, 12954.65);
INSERT INTO order_items (order_id, product_id, quantity, unit_price) VALUES (30, 23, 1, 9797.84);
INSERT INTO order_items (order_id, product_id, quantity, unit_price) VALUES (30, 13, 2, 6058.55);
INSERT INTO order_items (order_id, product_id, quantity, unit_price) VALUES (30, 13, 3, 17238.7);
INSERT INTO order_items (order_id, product_id, quantity, unit_price) VALUES (30, 10, 5, 12615.51);
INSERT INTO order_items (order_id, product_id, quantity, unit_price) VALUES (31, 7, 1, 3900.42);
INSERT INTO order_items (order_id, product_id, quantity, unit_price) VALUES (31, 28, 1, 19983.33);
INSERT INTO order_items (order_id, product_id, quantity, unit_price) VALUES (31, 5, 4, 2220.33);
INSERT INTO order_items (order_id, product_id, quantity, unit_price) VALUES (32, 15, 4, 7309.95);
INSERT INTO order_items (order_id, product_id, quantity, unit_price) VALUES (32, 16, 4, 4176.32);
INSERT INTO order_items (order_id, product_id, quantity, unit_price) VALUES (33, 23, 5, 1446.96);
INSERT INTO order_items (order_id, product_id, quantity, unit_price) VALUES (34, 16, 2, 789.91);
INSERT INTO order_items (order_id, product_id, quantity, unit_price) VALUES (34, 26, 4, 18207.86);
INSERT INTO order_items (order_id, product_id, quantity, unit_price) VALUES (34, 19, 3, 18496.82);
INSERT INTO order_items (order_id, product_id, quantity, unit_price) VALUES (35, 23, 3, 9676.71);
INSERT INTO order_items (order_id, product_id, quantity, unit_price) VALUES (35, 19, 5, 15810.61);
INSERT INTO order_items (order_id, product_id, quantity, unit_price) VALUES (36, 21, 3, 1800.19);
INSERT INTO order_items (order_id, product_id, quantity, unit_price) VALUES (36, 21, 4, 12920.05);
INSERT INTO order_items (order_id, product_id, quantity, unit_price) VALUES (36, 21, 1, 6367.67);
INSERT INTO payments (order_id, payment_date, payment_method, payment_status) VALUES (1, TO_DATE('2025-03-12', 'YYYY-MM-DD'), 'Credit Card', 'Failed');
INSERT INTO payments (order_id, payment_date, payment_method, payment_status) VALUES (2, TO_DATE('2025-01-10', 'YYYY-MM-DD'), 'UPI', 'Failed');
INSERT INTO payments (order_id, payment_date, payment_method, payment_status) VALUES (3, TO_DATE('2024-09-03', 'YYYY-MM-DD'), 'Net Banking', 'Paid');
INSERT INTO payments (order_id, payment_date, payment_method, payment_status) VALUES (4, TO_DATE('2024-08-27', 'YYYY-MM-DD'), 'Credit Card', 'Pending');
INSERT INTO payments (order_id, payment_date, payment_method, payment_status) VALUES (5, TO_DATE('2024-12-31', 'YYYY-MM-DD'), 'Net Banking', 'Paid');
INSERT INTO payments (order_id, payment_date, payment_method, payment_status) VALUES (6, TO_DATE('2024-07-18', 'YYYY-MM-DD'), 'Cash on Delivery', 'Pending');
INSERT INTO payments (order_id, payment_date, payment_method, payment_status) VALUES (7, TO_DATE('2024-11-02', 'YYYY-MM-DD'), 'Net Banking', 'Paid');
INSERT INTO payments (order_id, payment_date, payment_method, payment_status) VALUES (8, TO_DATE('2024-11-30', 'YYYY-MM-DD'), 'UPI', 'Failed');
INSERT INTO payments (order_id, payment_date, payment_method, payment_status) VALUES (9, TO_DATE('2024-11-17', 'YYYY-MM-DD'), 'UPI', 'Failed');
INSERT INTO payments (order_id, payment_date, payment_method, payment_status) VALUES (10, TO_DATE('2025-04-03', 'YYYY-MM-DD'), 'Credit Card', 'Paid');
INSERT INTO payments (order_id, payment_date, payment_method, payment_status) VALUES (11, TO_DATE('2024-10-16', 'YYYY-MM-DD'), 'UPI', 'Pending');
INSERT INTO payments (order_id, payment_date, payment_method, payment_status) VALUES (12, TO_DATE('2025-06-13', 'YYYY-MM-DD'), 'Credit Card', 'Pending');
INSERT INTO payments (order_id, payment_date, payment_method, payment_status) VALUES (13, TO_DATE('2025-01-19', 'YYYY-MM-DD'), 'Credit Card', 'Failed');
INSERT INTO payments (order_id, payment_date, payment_method, payment_status) VALUES (14, TO_DATE('2025-05-27', 'YYYY-MM-DD'), 'Credit Card', 'Pending');
INSERT INTO payments (order_id, payment_date, payment_method, payment_status) VALUES (15, TO_DATE('2024-08-15', 'YYYY-MM-DD'), 'UPI', 'Paid');
INSERT INTO payments (order_id, payment_date, payment_method, payment_status) VALUES (16, TO_DATE('2024-09-16', 'YYYY-MM-DD'), 'Cash on Delivery', 'Failed');
INSERT INTO payments (order_id, payment_date, payment_method, payment_status) VALUES (17, TO_DATE('2025-01-24', 'YYYY-MM-DD'), 'Net Banking', 'Paid');
INSERT INTO payments (order_id, payment_date, payment_method, payment_status) VALUES (18, TO_DATE('2024-07-14', 'YYYY-MM-DD'), 'Cash on Delivery', 'Paid');
INSERT INTO payments (order_id, payment_date, payment_method, payment_status) VALUES (19, TO_DATE('2024-11-08', 'YYYY-MM-DD'), 'UPI', 'Pending');
INSERT INTO payments (order_id, payment_date, payment_method, payment_status) VALUES (20, TO_DATE('2025-07-09', 'YYYY-MM-DD'), 'Credit Card', 'Failed');
INSERT INTO payments (order_id, payment_date, payment_method, payment_status) VALUES (21, TO_DATE('2024-11-22', 'YYYY-MM-DD'), 'Credit Card', 'Paid');
INSERT INTO payments (order_id, payment_date, payment_method, payment_status) VALUES (22, TO_DATE('2024-12-11', 'YYYY-MM-DD'), 'Net Banking', 'Failed');
INSERT INTO payments (order_id, payment_date, payment_method, payment_status) VALUES (23, TO_DATE('2024-08-30', 'YYYY-MM-DD'), 'Credit Card', 'Failed');
INSERT INTO payments (order_id, payment_date, payment_method, payment_status) VALUES (24, TO_DATE('2024-12-05', 'YYYY-MM-DD'), 'Credit Card', 'Paid');
INSERT INTO payments (order_id, payment_date, payment_method, payment_status) VALUES (25, TO_DATE('2024-09-29', 'YYYY-MM-DD'), 'Credit Card', 'Pending');
INSERT INTO payments (order_id, payment_date, payment_method, payment_status) VALUES (26, TO_DATE('2025-07-07', 'YYYY-MM-DD'), 'Cash on Delivery', 'Failed');
INSERT INTO payments (order_id, payment_date, payment_method, payment_status) VALUES (27, TO_DATE('2024-11-06', 'YYYY-MM-DD'), 'Cash on Delivery', 'Failed');
INSERT INTO payments (order_id, payment_date, payment_method, payment_status) VALUES (28, TO_DATE('2025-01-28', 'YYYY-MM-DD'), 'Net Banking', 'Paid');
INSERT INTO payments (order_id, payment_date, payment_method, payment_status) VALUES (29, TO_DATE('2024-09-07', 'YYYY-MM-DD'), 'UPI', 'Pending');
INSERT INTO payments (order_id, payment_date, payment_method, payment_status) VALUES (30, TO_DATE('2024-12-21', 'YYYY-MM-DD'), 'Cash on Delivery', 'Pending');
INSERT INTO payments (order_id, payment_date, payment_method, payment_status) VALUES (31, TO_DATE('2024-12-30', 'YYYY-MM-DD'), 'UPI', 'Pending');
INSERT INTO payments (order_id, payment_date, payment_method, payment_status) VALUES (32, TO_DATE('2024-10-12', 'YYYY-MM-DD'), 'Credit Card', 'Failed');
INSERT INTO payments (order_id, payment_date, payment_method, payment_status) VALUES (33, TO_DATE('2024-09-25', 'YYYY-MM-DD'), 'Cash on Delivery', 'Pending');
INSERT INTO payments (order_id, payment_date, payment_method, payment_status) VALUES (34, TO_DATE('2024-10-10', 'YYYY-MM-DD'), 'Cash on Delivery', 'Failed');
INSERT INTO payments (order_id, payment_date, payment_method, payment_status) VALUES (35, TO_DATE('2025-06-13', 'YYYY-MM-DD'), 'Credit Card', 'Pending');
INSERT INTO payments (order_id, payment_date, payment_method, payment_status) VALUES (36, TO_DATE('2025-03-23', 'YYYY-MM-DD'), 'Cash on Delivery', 'Pending');
INSERT INTO shipping (order_id, shipping_address, shipping_date, delivery_date, shipping_status) VALUES (1, '7442 Booker Springs, New William, FL 16234', TO_DATE('2024-10-08', 'YYYY-MM-DD'), TO_DATE('2024-10-05', 'YYYY-MM-DD'), 'In Transit');
INSERT INTO shipping (order_id, shipping_address, shipping_date, delivery_date, shipping_status) VALUES (2, '7889 Garcia Turnpike Apt. 448, Sarahmouth, NC 61714', TO_DATE('2025-05-12', 'YYYY-MM-DD'), TO_DATE('2025-07-06', 'YYYY-MM-DD'), 'Delivered');
INSERT INTO shipping (order_id, shipping_address, shipping_date, delivery_date, shipping_status) VALUES (3, '1736 Madison Meadows, West Andreside, CT 11730', TO_DATE('2025-06-03', 'YYYY-MM-DD'), TO_DATE('2025-06-12', 'YYYY-MM-DD'), 'In Transit');
INSERT INTO shipping (order_id, shipping_address, shipping_date, delivery_date, shipping_status) VALUES (4, '402 Bailey Cliff Suite 552, Schneiderland, MD 31876', TO_DATE('2025-01-07', 'YYYY-MM-DD'), TO_DATE('2024-09-26', 'YYYY-MM-DD'), 'Delivered');
INSERT INTO shipping (order_id, shipping_address, shipping_date, delivery_date, shipping_status) VALUES (5, '0106 Parks Lights, New Charles, MS 41938', TO_DATE('2025-02-10', 'YYYY-MM-DD'), TO_DATE('2025-01-31', 'YYYY-MM-DD'), 'Pending');
INSERT INTO shipping (order_id, shipping_address, shipping_date, delivery_date, shipping_status) VALUES (6, '2438 Julia Place, North Meagan, DE 73811', TO_DATE('2024-10-13', 'YYYY-MM-DD'), TO_DATE('2025-03-25', 'YYYY-MM-DD'), 'Delivered');
INSERT INTO shipping (order_id, shipping_address, shipping_date, delivery_date, shipping_status) VALUES (7, 'USNS Anderson, FPO AA 37625', TO_DATE('2025-03-09', 'YYYY-MM-DD'), TO_DATE('2025-02-15', 'YYYY-MM-DD'), 'Delivered');
INSERT INTO shipping (order_id, shipping_address, shipping_date, delivery_date, shipping_status) VALUES (8, '9547 Hardy Fields, North Markstad, PA 40777', TO_DATE('2025-01-14', 'YYYY-MM-DD'), TO_DATE('2025-04-15', 'YYYY-MM-DD'), 'Delivered');
INSERT INTO shipping (order_id, shipping_address, shipping_date, delivery_date, shipping_status) VALUES (9, '963 Heidi Orchard, New Kylefurt, VT 02219', TO_DATE('2025-02-08', 'YYYY-MM-DD'), TO_DATE('2024-10-21', 'YYYY-MM-DD'), 'Pending');
INSERT INTO shipping (order_id, shipping_address, shipping_date, delivery_date, shipping_status) VALUES (10, '302 Mitchell Spurs Suite 807, Brittanyside, PA 89419', TO_DATE('2024-11-07', 'YYYY-MM-DD'), TO_DATE('2024-08-28', 'YYYY-MM-DD'), 'Pending');
INSERT INTO shipping (order_id, shipping_address, shipping_date, delivery_date, shipping_status) VALUES (11, '5951 Rodriguez Parkways, New Taylorburgh, MN 92445', TO_DATE('2025-02-19', 'YYYY-MM-DD'), TO_DATE('2024-11-04', 'YYYY-MM-DD'), 'In Transit');
INSERT INTO shipping (order_id, shipping_address, shipping_date, delivery_date, shipping_status) VALUES (12, '98413 Jefferson Manors, West Melissa, WI 22574', TO_DATE('2024-12-07', 'YYYY-MM-DD'), TO_DATE('2024-12-07', 'YYYY-MM-DD'), 'In Transit');
INSERT INTO shipping (order_id, shipping_address, shipping_date, delivery_date, shipping_status) VALUES (13, '25487 Combs Common, Lake Edgarfort, LA 16130', TO_DATE('2024-10-22', 'YYYY-MM-DD'), TO_DATE('2025-01-04', 'YYYY-MM-DD'), 'Pending');
INSERT INTO shipping (order_id, shipping_address, shipping_date, delivery_date, shipping_status) VALUES (14, '737 Michelle Freeway, Adamsburgh, NM 09247', TO_DATE('2024-12-02', 'YYYY-MM-DD'), TO_DATE('2024-10-13', 'YYYY-MM-DD'), 'Delivered');
INSERT INTO shipping (order_id, shipping_address, shipping_date, delivery_date, shipping_status) VALUES (15, '29182 Juarez Plain Suite 348, Port Cameronmouth, AZ 43600', TO_DATE('2024-09-18', 'YYYY-MM-DD'), TO_DATE('2024-08-12', 'YYYY-MM-DD'), 'Pending');
INSERT INTO shipping (order_id, shipping_address, shipping_date, delivery_date, shipping_status) VALUES (16, '68260 Patrick Ports Suite 293, Evelynbury, MA 58133', TO_DATE('2024-08-28', 'YYYY-MM-DD'), TO_DATE('2024-08-16', 'YYYY-MM-DD'), 'Pending');
INSERT INTO shipping (order_id, shipping_address, shipping_date, delivery_date, shipping_status) VALUES (17, '1499 Kristin Stravenue Suite 355, Edwardsview, NV 35850', TO_DATE('2025-06-22', 'YYYY-MM-DD'), TO_DATE('2024-12-24', 'YYYY-MM-DD'), 'Pending');
INSERT INTO shipping (order_id, shipping_address, shipping_date, delivery_date, shipping_status) VALUES (18, '5290 Adams Crescent, Coxhaven, MI 80303', TO_DATE('2024-09-18', 'YYYY-MM-DD'), TO_DATE('2024-09-26', 'YYYY-MM-DD'), 'Delivered');
INSERT INTO shipping (order_id, shipping_address, shipping_date, delivery_date, shipping_status) VALUES (19, '4845 Nicholson Junctions, South Stephanie, ND 38291', TO_DATE('2024-12-19', 'YYYY-MM-DD'), TO_DATE('2024-11-30', 'YYYY-MM-DD'), 'In Transit');
INSERT INTO shipping (order_id, shipping_address, shipping_date, delivery_date, shipping_status) VALUES (20, '5499 Edwards Tunnel, North Benjamin, ID 13360', TO_DATE('2025-01-30', 'YYYY-MM-DD'), TO_DATE('2025-04-10', 'YYYY-MM-DD'), 'Delivered');
INSERT INTO shipping (order_id, shipping_address, shipping_date, delivery_date, shipping_status) VALUES (21, '217 Christine Shoals, Stevehaven, ME 03345', TO_DATE('2025-05-19', 'YYYY-MM-DD'), TO_DATE('2025-04-20', 'YYYY-MM-DD'), 'In Transit');
INSERT INTO shipping (order_id, shipping_address, shipping_date, delivery_date, shipping_status) VALUES (22, '84493 Hunter Causeway, Briannashire, IL 37178', TO_DATE('2024-08-10', 'YYYY-MM-DD'), TO_DATE('2024-10-10', 'YYYY-MM-DD'), 'In Transit');
INSERT INTO shipping (order_id, shipping_address, shipping_date, delivery_date, shipping_status) VALUES (23, 'Unit 4338 Box 6151, DPO AA 07158', TO_DATE('2025-06-25', 'YYYY-MM-DD'), TO_DATE('2024-08-03', 'YYYY-MM-DD'), 'Delivered');
INSERT INTO shipping (order_id, shipping_address, shipping_date, delivery_date, shipping_status) VALUES (24, '4285 Andrea Throughway Suite 191, Alejandrachester, LA 68042', TO_DATE('2025-02-22', 'YYYY-MM-DD'), TO_DATE('2025-05-26', 'YYYY-MM-DD'), 'In Transit');
INSERT INTO shipping (order_id, shipping_address, shipping_date, delivery_date, shipping_status) VALUES (25, '2361 David Light Apt. 974, Gibsonshire, GA 93764', TO_DATE('2024-10-30', 'YYYY-MM-DD'), TO_DATE('2024-08-02', 'YYYY-MM-DD'), 'Pending');
INSERT INTO shipping (order_id, shipping_address, shipping_date, delivery_date, shipping_status) VALUES (26, 'Unit 4829 Box 9434, DPO AA 52020', TO_DATE('2025-05-03', 'YYYY-MM-DD'), TO_DATE('2025-06-01', 'YYYY-MM-DD'), 'In Transit');
INSERT INTO shipping (order_id, shipping_address, shipping_date, delivery_date, shipping_status) VALUES (27, '7575 Michael Greens Suite 727, Port Shannon, NJ 26276', TO_DATE('2025-05-31', 'YYYY-MM-DD'), TO_DATE('2024-09-04', 'YYYY-MM-DD'), 'Pending');
INSERT INTO shipping (order_id, shipping_address, shipping_date, delivery_date, shipping_status) VALUES (28, 'Unit 2400 Box 5616, DPO AP 27592', TO_DATE('2024-10-01', 'YYYY-MM-DD'), TO_DATE('2024-10-23', 'YYYY-MM-DD'), 'In Transit');
INSERT INTO shipping (order_id, shipping_address, shipping_date, delivery_date, shipping_status) VALUES (29, '4798 Hale View Suite 145, East Amytown, MD 29889', TO_DATE('2025-05-26', 'YYYY-MM-DD'), TO_DATE('2024-10-31', 'YYYY-MM-DD'), 'Delivered');
INSERT INTO shipping (order_id, shipping_address, shipping_date, delivery_date, shipping_status) VALUES (30, '185 Valerie Rapid, North Susanmouth, MO 43230', TO_DATE('2025-02-07', 'YYYY-MM-DD'), TO_DATE('2025-02-11', 'YYYY-MM-DD'), 'In Transit');
INSERT INTO shipping (order_id, shipping_address, shipping_date, delivery_date, shipping_status) VALUES (31, '950 Matthew Junction Apt. 959, South Joshua, HI 25731', TO_DATE('2024-10-07', 'YYYY-MM-DD'), TO_DATE('2025-01-15', 'YYYY-MM-DD'), 'In Transit');
INSERT INTO shipping (order_id, shipping_address, shipping_date, delivery_date, shipping_status) VALUES (32, 'PSC 9809, Box 9985, APO AP 79435', TO_DATE('2024-09-19', 'YYYY-MM-DD'), TO_DATE('2024-12-11', 'YYYY-MM-DD'), 'Delivered');
INSERT INTO shipping (order_id, shipping_address, shipping_date, delivery_date, shipping_status) VALUES (33, '9192 Mccormick Brook Suite 902, Jeremychester, NH 80179', TO_DATE('2024-12-21', 'YYYY-MM-DD'), TO_DATE('2024-09-29', 'YYYY-MM-DD'), 'In Transit');
INSERT INTO shipping (order_id, shipping_address, shipping_date, delivery_date, shipping_status) VALUES (34, '426 Holland Tunnel Suite 195, Port Joseph, MS 22606', TO_DATE('2024-09-08', 'YYYY-MM-DD'), TO_DATE('2024-07-31', 'YYYY-MM-DD'), 'Delivered');
INSERT INTO shipping (order_id, shipping_address, shipping_date, delivery_date, shipping_status) VALUES (35, 'USNV Long, FPO AP 22645', TO_DATE('2024-08-11', 'YYYY-MM-DD'), TO_DATE('2024-10-14', 'YYYY-MM-DD'), 'In Transit');
INSERT INTO shipping (order_id, shipping_address, shipping_date, delivery_date, shipping_status) VALUES (36, '3987 Cannon Green, Vangshire, NC 17749', TO_DATE('2024-10-30', 'YYYY-MM-DD'), TO_DATE('2024-10-26', 'YYYY-MM-DD'), 'Delivered');